ts_payment_ready,ts_whole_session,req_interval_cv_pre_hold,req_interval_cv_hold_gap,req_source_file,evt_source_file,label
6677.0,17783.0,1.802977,1.172652,[bot][raw]session_009.jsonl,[bot][raw]session_009.jsonl,1
6708.0,16926.0,1.833384,1.19571,[bot][raw]session_010.jsonl,[bot][raw]session_010.jsonl,1
6788.0,20687.0,1.808716,0.874881,[bot][raw]session_011.jsonl,[bot][raw]session_011.jsonl,1
6763.0,16995.0,2.134784,1.184586,[bot][raw]session_012.jsonl,[bot][raw]session_012.jsonl,1
6818.0,17764.0,1.707095,0.754546,[bot][raw]session_013.jsonl,[bot][raw]session_013.jsonl,1
6741.0,18609.0,1.566943,0.631919,[bot][raw]session_014.jsonl,[bot][raw]session_014.jsonl,1
6850.0,20735.0,1.576211,0.610637,[bot][raw]session_015.jsonl,[bot][raw]session_015.jsonl,1
6861.0,15549.0,2.211405,1.239782,[bot][raw]session_016.jsonl,[bot][raw]session_016.jsonl,1
6841.0,18701.0,1.477433,0.8148,[bot][raw]session_017.jsonl,[bot][raw]session_017.jsonl,1
6881.0,18584.0,1.789208,0.815625,[bot][raw]session_018.jsonl,[bot][raw]session_018.jsonl,1
25503.0,76269.0,2.44303,1.465243,[human][raw]session_001.jsonl,[human][raw]session_001.jsonl,0
32808.0,81219.0,2.499239,1.818141,[human][raw]session_002.jsonl,[human][raw]session_002.jsonl,0
15129.0,79975.0,2.389746,1.477856,[human][raw]session_003.jsonl,[human][raw]session_003.jsonl,0
29764.0,94443.0,2.680797,1.948053,[human][raw]session_004.jsonl,[human][raw]session_004.jsonl,0
19299.0,75810.0,2.507448,1.770376,[human][raw]session_005.jsonl,[human][raw]session_005.jsonl,0
12590.0,74816.0,2.557749,1.668777,[human][raw]session_006.jsonl,[human][raw]session_006.jsonl,0
18721.0,63015.0,2.49855,1.80637,[human][raw]session_007.jsonl,[human][raw]session_007.jsonl,0
24785.0,75509.0,2.40842,1.737554,[human][raw]session_008.jsonl,[human][raw]session_008.jsonl,0
5916.0,20527.0,2.0827,1.277913,[bot][raw]session_019.jsonl,[bot][raw]session_019.jsonl,1
6366.0,18931.0,2.059706,1.223985,[bot][raw]session_020.jsonl,[bot][raw]session_020.jsonl,1
6258.0,19628.0,1.959449,1.400693,[bot][raw]session_021.jsonl,[bot][raw]session_021.jsonl,1
6393.0,18267.0,1.907216,1.033479,[bot][raw]session_022.jsonl,[bot][raw]session_022.jsonl,1
6506.0,18922.0,2.081185,1.496164,[bot][raw]session_023.jsonl,[bot][raw]session_023.jsonl,1
6694.0,22499.0,1.919716,1.014311,[bot][raw]session_024.jsonl,[bot][raw]session_024.jsonl,1
6428.0,18488.0,1.922818,1.074984,[bot][raw]session_025.jsonl,[bot][raw]session_025.jsonl,1
6924.0,18772.0,1.823965,0.902128,[bot][raw]session_026.jsonl,[bot][raw]session_026.jsonl,1
6812.0,19513.0,1.952888,1.294141,[bot][raw]session_027.jsonl,[bot][raw]session_027.jsonl,1
6692.0,16910.0,2.075027,1.440495,[bot][raw]session_028.jsonl,[bot][raw]session_028.jsonl,1
6840.0,21288.0,2.018534,1.369859,[bot][raw]session_029.jsonl,[bot][raw]session_029.jsonl,1
6892.0,22147.0,1.963818,1.298383,[bot][raw]session_030.jsonl,[bot][raw]session_030.jsonl,1
6901.0,22095.0,1.818839,1.156165,[bot][raw]session_031.jsonl,[bot][raw]session_031.jsonl,1
6761.0,17950.0,1.85164,1.21047,[bot][raw]session_032.jsonl,[bot][raw]session_032.jsonl,1
6854.0,18929.0,1.849476,0.904896,[bot][raw]session_033.jsonl,[bot][raw]session_033.jsonl,1
6921.0,21420.0,1.689263,1.040621,[bot][raw]session_034.jsonl,[bot][raw]session_034.jsonl,1
6884.0,18339.0,2.080258,1.413695,[bot][raw]session_035.jsonl,[bot][raw]session_035.jsonl,1
7115.0,19629.0,1.896239,1.204099,[bot][raw]session_036.jsonl,[bot][raw]session_036.jsonl,1
6902.0,24285.0,1.787323,0.801875,[bot][raw]session_037.jsonl,[bot][raw]session_037.jsonl,1
6881.0,19873.0,1.712634,1.0436,[bot][raw]session_038.jsonl,[bot][raw]session_038.jsonl,1
6926.0,19554.0,1.804315,0.831314,[bot][raw]session_039.jsonl,[bot][raw]session_039.jsonl,1
6901.0,26397.0,1.769364,0.796206,[bot][raw]session_040.jsonl,[bot][raw]session_040.jsonl,1
6816.0,19795.0,1.84582,1.206364,[bot][raw]session_041.jsonl,[bot][raw]session_041.jsonl,1
7016.0,18842.0,1.882306,0.892671,[bot][raw]session_042.jsonl,[bot][raw]session_042.jsonl,1
6931.0,18576.0,1.781141,1.089912,[bot][raw]session_043.jsonl,[bot][raw]session_043.jsonl,1
7129.0,18957.0,1.760616,0.775416,[bot][raw]session_044.jsonl,[bot][raw]session_044.jsonl,1
6945.0,22355.0,1.903994,0.94141,[bot][raw]session_045.jsonl,[bot][raw]session_045.jsonl,1
6891.0,19431.0,1.81708,1.1372,[bot][raw]session_046.jsonl,[bot][raw]session_046.jsonl,1
6945.0,19701.0,1.996164,1.292204,[bot][raw]session_047.jsonl,[bot][raw]session_047.jsonl,1
6991.0,21273.0,1.89859,1.201853,[bot][raw]session_048.jsonl,[bot][raw]session_048.jsonl,1
6910.0,18205.0,1.666085,0.980906,[bot][raw]session_049.jsonl,[bot][raw]session_049.jsonl,1
6864.0,18829.0,1.95287,0.769011,[bot][raw]session_050.jsonl,[bot][raw]session_050.jsonl,1
5535.0,22275.0,2.007927,1.616185,[bot][raw]session_051.jsonl,[bot][raw]session_051.jsonl,1
6065.0,19334.0,2.085203,1.267774,[bot][raw]session_052.jsonl,[bot][raw]session_052.jsonl,1
6273.0,19931.0,1.929256,1.082896,[bot][raw]session_053.jsonl,[bot][raw]session_053.jsonl,1
6266.0,18907.0,2.131694,1.580168,[bot][raw]session_054.jsonl,[bot][raw]session_054.jsonl,1
6269.0,19595.0,1.94457,1.395475,[bot][raw]session_055.jsonl,[bot][raw]session_055.jsonl,1
6377.0,19696.0,1.832364,1.269017,[bot][raw]session_056.jsonl,[bot][raw]session_056.jsonl,1
6607.0,20043.0,1.912452,1.29972,[bot][raw]session_057.jsonl,[bot][raw]session_057.jsonl,1
6715.0,19442.0,1.912548,1.298802,[bot][raw]session_058.jsonl,[bot][raw]session_058.jsonl,1
6877.0,19340.0,1.81244,1.183783,[bot][raw]session_059.jsonl,[bot][raw]session_059.jsonl,1
6656.0,18777.0,1.951287,1.036564,[bot][raw]session_060.jsonl,[bot][raw]session_060.jsonl,1
6628.0,19524.0,1.97,1.351918,[bot][raw]session_061.jsonl,[bot][raw]session_061.jsonl,1
6703.0,19382.0,1.771706,0.842456,[bot][raw]session_062.jsonl,[bot][raw]session_062.jsonl,1
6947.0,18365.0,1.651025,0.978383,[bot][raw]session_063.jsonl,[bot][raw]session_063.jsonl,1
6632.0,18791.0,1.966636,1.045371,[bot][raw]session_064.jsonl,[bot][raw]session_064.jsonl,1
6787.0,19493.0,1.844258,0.920282,[bot][raw]session_065.jsonl,[bot][raw]session_065.jsonl,1
6983.0,17374.0,2.181296,1.516594,[bot][raw]session_066.jsonl,[bot][raw]session_066.jsonl,1
6966.0,23030.0,2.070236,1.107745,[bot][raw]session_067.jsonl,[bot][raw]session_067.jsonl,1
6750.0,19078.0,1.919059,1.257522,[bot][raw]session_068.jsonl,[bot][raw]session_068.jsonl,1
6998.0,19532.0,1.828176,1.142798,[bot][raw]session_069.jsonl,[bot][raw]session_069.jsonl,1
7055.0,18007.0,2.236218,1.556349,[bot][raw]session_070.jsonl,[bot][raw]session_070.jsonl,1
7119.0,21068.0,1.936598,0.963083,[bot][raw]session_071.jsonl,[bot][raw]session_071.jsonl,1
7032.0,18325.0,1.710626,1.030799,[bot][raw]session_072.jsonl,[bot][raw]session_072.jsonl,1
6863.0,18613.0,2.111526,1.449832,[bot][raw]session_073.jsonl,[bot][raw]session_073.jsonl,1
6897.0,20017.0,1.606564,0.936963,[bot][raw]session_074.jsonl,[bot][raw]session_074.jsonl,1
7059.0,19864.0,1.801928,0.819202,[bot][raw]session_075.jsonl,[bot][raw]session_075.jsonl,1
6911.0,19486.0,1.82829,0.64233,[bot][raw]session_076.jsonl,[bot][raw]session_076.jsonl,1
6684.0,16752.0,2.028297,1.413757,[bot][raw]session_077.jsonl,[bot][raw]session_077.jsonl,1
6817.0,18280.0,1.824819,1.168567,[bot][raw]session_078.jsonl,[bot][raw]session_078.jsonl,1
7094.0,21489.0,1.94558,1.267427,[bot][raw]session_079.jsonl,[bot][raw]session_079.jsonl,1
6879.0,18805.0,1.749165,1.062752,[bot][raw]session_080.jsonl,[bot][raw]session_080.jsonl,1
6998.0,20094.0,1.941015,1.266759,[bot][raw]session_081.jsonl,[bot][raw]session_081.jsonl,1
6859.0,18783.0,2.07238,1.105856,[bot][raw]session_082.jsonl,[bot][raw]session_082.jsonl,1
6923.0,20053.0,1.82185,0.849831,[bot][raw]session_083.jsonl,[bot][raw]session_083.jsonl,1
6902.0,18296.0,1.845751,0.87871,[bot][raw]session_084.jsonl,[bot][raw]session_084.jsonl,1
7184.0,19139.0,1.732121,0.762862,[bot][raw]session_085.jsonl,[bot][raw]session_085.jsonl,1
7019.0,18807.0,1.915817,0.945716,[bot][raw]session_086.jsonl,[bot][raw]session_086.jsonl,1
6999.0,18393.0,2.080999,1.397826,[bot][raw]session_087.jsonl,[bot][raw]session_087.jsonl,1
7039.0,18435.0,1.82059,1.138037,[bot][raw]session_088.jsonl,[bot][raw]session_088.jsonl,1
6815.0,18101.0,1.7729,0.802793,[bot][raw]session_089.jsonl,[bot][raw]session_089.jsonl,1
6980.0,18515.0,1.846062,1.16363,[bot][raw]session_090.jsonl,[bot][raw]session_090.jsonl,1
6952.0,30018.0,1.905274,1.228635,[bot][raw]session_091.jsonl,[bot][raw]session_091.jsonl,1
6987.0,19513.0,1.780231,0.788396,[bot][raw]session_092.jsonl,[bot][raw]session_092.jsonl,1
6827.0,21079.0,1.753525,0.795512,[bot][raw]session_093.jsonl,[bot][raw]session_093.jsonl,1
6708.0,18858.0,1.843975,1.179702,[bot][raw]session_094.jsonl,[bot][raw]session_094.jsonl,1
7053.0,21410.0,2.053835,1.373826,[bot][raw]session_095.jsonl,[bot][raw]session_095.jsonl,1
6965.0,21952.0,1.89532,0.926329,[bot][raw]session_096.jsonl,[bot][raw]session_096.jsonl,1
6732.0,19286.0,1.81217,0.864868,[bot][raw]session_097.jsonl,[bot][raw]session_097.jsonl,1
6776.0,18675.0,1.826505,0.860198,[bot][raw]session_098.jsonl,[bot][raw]session_098.jsonl,1
6814.0,22050.0,1.942652,1.281625,[bot][raw]session_099.jsonl,[bot][raw]session_099.jsonl,1
6857.0,18516.0,2.108864,1.440909,[bot][raw]session_100.jsonl,[bot][raw]session_100.jsonl,1
6806.0,17566.0,1.891952,0.924874,[bot][raw]session_101.jsonl,[bot][raw]session_101.jsonl,1
6986.0,20660.0,1.819921,0.832238,[bot][raw]session_102.jsonl,[bot][raw]session_102.jsonl,1
6951.0,19561.0,1.839048,1.155845,[bot][raw]session_103.jsonl,[bot][raw]session_103.jsonl,1
7012.0,19112.0,1.811245,0.847261,[bot][raw]session_104.jsonl,[bot][raw]session_104.jsonl,1
6836.0,18446.0,1.906081,1.221864,[bot][raw]session_105.jsonl,[bot][raw]session_105.jsonl,1
6855.0,19873.0,1.7869,0.815911,[bot][raw]session_106.jsonl,[bot][raw]session_106.jsonl,1
6980.0,17069.0,2.188616,1.491848,[bot][raw]session_107.jsonl,[bot][raw]session_107.jsonl,1
6745.0,18600.0,1.873479,1.222726,[bot][raw]session_108.jsonl,[bot][raw]session_108.jsonl,1
6935.0,19451.0,1.880228,0.903021,[bot][raw]session_109.jsonl,[bot][raw]session_109.jsonl,1
7015.0,18079.0,1.915926,0.940878,[bot][raw]session_110.jsonl,[bot][raw]session_110.jsonl,1
6928.0,18730.0,2.062079,1.379402,[bot][raw]session_111.jsonl,[bot][raw]session_111.jsonl,1
6807.0,18708.0,1.68807,0.730208,[bot][raw]session_112.jsonl,[bot][raw]session_112.jsonl,1
6957.0,20625.0,1.876227,1.192331,[bot][raw]session_113.jsonl,[bot][raw]session_113.jsonl,1
7119.0,18506.0,1.811679,0.819107,[bot][raw]session_114.jsonl,[bot][raw]session_114.jsonl,1
6856.0,22156.0,1.760563,1.068665,[bot][raw]session_115.jsonl,[bot][raw]session_115.jsonl,1
24351.0,86130.0,2.360269,1.604939,[human][raw]session_116.jsonl,[human][raw]session_116.jsonl,0
17442.0,71180.0,2.502878,1.749886,[human][raw]session_117.jsonl,[human][raw]session_117.jsonl,0
29881.0,88368.0,2.411655,1.72017,[human][raw]session_118.jsonl,[human][raw]session_118.jsonl,0
17678.0,67335.0,2.489622,1.776099,[human][raw]session_119.jsonl,[human][raw]session_119.jsonl,0
15295.0,69607.0,2.365977,1.026052,[human][raw]session_120.jsonl,[human][raw]session_120.jsonl,0
13920.0,69380.0,2.540247,1.763793,[human][raw]session_121.jsonl,[human][raw]session_121.jsonl,0
15618.0,73102.0,2.532837,1.443063,[human][raw]session_122.jsonl,[human][raw]session_122.jsonl,0
20316.0,82093.0,2.414965,1.59571,[human][raw]session_123.jsonl,[human][raw]session_123.jsonl,0
20444.0,62309.0,2.507553,1.532309,[human][raw]session_124.jsonl,[human][raw]session_124.jsonl,0
19253.0,81893.0,2.390223,1.665145,[human][raw]session_125.jsonl,[human][raw]session_125.jsonl,0
20904.0,76636.0,2.472158,1.698689,[human][raw]session_126.jsonl,[human][raw]session_126.jsonl,0
16307.0,66115.0,2.315207,1.292702,[human][raw]session_127.jsonl,[human][raw]session_127.jsonl,0
13425.0,76109.0,2.516855,1.644095,[human][raw]session_128.jsonl,[human][raw]session_128.jsonl,0
12039.0,61388.0,2.417551,1.582588,[human][raw]session_129.jsonl,[human][raw]session_129.jsonl,0
20107.0,81375.0,2.805246,1.74748,[human][raw]session_130.jsonl,[human][raw]session_130.jsonl,0
22012.0,74100.0,2.50459,1.786413,[human][raw]session_131.jsonl,[human][raw]session_131.jsonl,0
10701.0,60802.0,2.640311,1.468701,[human][raw]session_132.jsonl,[human][raw]session_132.jsonl,0
12970.0,62566.0,2.492353,1.66634,[human][raw]session_133.jsonl,[human][raw]session_133.jsonl,0
15824.0,64039.0,2.626298,1.637372,[human][raw]session_134.jsonl,[human][raw]session_134.jsonl,0
25353.0,66851.0,2.399258,1.417974,[human][raw]session_135.jsonl,[human][raw]session_135.jsonl,0
13398.0,72300.0,2.468275,1.610013,[human][raw]session_136.jsonl,[human][raw]session_136.jsonl,0
15718.0,60047.0,2.484767,1.454859,[human][raw]session_137.jsonl,[human][raw]session_137.jsonl,0
22272.0,68056.0,2.524874,1.545062,[human][raw]session_138.jsonl,[human][raw]session_138.jsonl,0
30022.0,70689.0,2.401684,1.683938,[human][raw]session_139.jsonl,[human][raw]session_139.jsonl,0
20435.0,69152.0,2.206279,1.274634,[human][raw]session_140.jsonl,[human][raw]session_140.jsonl,0
12077.0,57304.0,2.544066,1.512328,[human][raw]session_141.jsonl,[human][raw]session_141.jsonl,0
13135.0,48939.0,2.481264,1.795397,[human][raw]session_142.jsonl,[human][raw]session_142.jsonl,0
27465.0,71107.0,2.367582,1.160365,[human][raw]session_143.jsonl,[human][raw]session_143.jsonl,0
16893.0,68244.0,2.507331,1.742756,[human][raw]session_144.jsonl,[human][raw]session_144.jsonl,0
18097.0,53553.0,2.580491,1.609485,[human][raw]session_145.jsonl,[human][raw]session_145.jsonl,0
28725.0,76788.0,2.369916,1.676966,[human][raw]session_146.jsonl,[human][raw]session_146.jsonl,0
30661.0,80258.0,2.57328,1.877063,[human][raw]session_147.jsonl,[human][raw]session_147.jsonl,0
21976.0,65056.0,2.549318,1.850181,[human][raw]session_148.jsonl,[human][raw]session_148.jsonl,0
17271.0,67656.0,2.461337,1.705751,[human][raw]session_149.jsonl,[human][raw]session_149.jsonl,0
19217.0,63684.0,2.358151,1.677997,[human][raw]session_150.jsonl,[human][raw]session_150.jsonl,0
17104.0,55893.0,2.56272,1.5782,[human][raw]session_151.jsonl,[human][raw]session_151.jsonl,0
26162.0,84122.0,2.314365,1.611545,[human][raw]session_152.jsonl,[human][raw]session_152.jsonl,0
19644.0,73270.0,2.51897,1.831785,[human][raw]session_153.jsonl,[human][raw]session_153.jsonl,0
15195.0,52707.0,2.418723,1.439746,[human][raw]session_154.jsonl,[human][raw]session_154.jsonl,0
22458.0,70066.0,2.557201,1.85269,[human][raw]session_155.jsonl,[human][raw]session_155.jsonl,0
23467.0,67398.0,2.426545,1.738067,[human][raw]session_156.jsonl,[human][raw]session_156.jsonl,0
22571.0,69383.0,2.31057,1.319605,[human][raw]session_157.jsonl,[human][raw]session_157.jsonl,0
17790.0,69723.0,2.523746,1.74416,[human][raw]session_158.jsonl,[human][raw]session_158.jsonl,0
12448.0,59163.0,2.364853,1.537267,[human][raw]session_159.jsonl,[human][raw]session_159.jsonl,0
23983.0,66824.0,2.613921,1.612428,[human][raw]session_160.jsonl,[human][raw]session_160.jsonl,0
25756.0,69487.0,2.513615,1.537311,[human][raw]session_161.jsonl,[human][raw]session_161.jsonl,0
14573.0,75571.0,2.532145,1.347363,[human][raw]session_162.jsonl,[human][raw]session_162.jsonl,0
19789.0,84267.0,2.499663,1.069278,[human][raw]session_163.jsonl,[human][raw]session_163.jsonl,0
26946.0,29954.0,1.203887,1.203887,[human][raw]session_164.jsonl,[human][raw]session_164.jsonl,0
12493.0,55127.0,2.318327,1.250072,[human][raw]session_165.jsonl,[human][raw]session_165.jsonl,0
24335.0,59205.0,1.895577,1.895577,[human][raw]session_166.jsonl,[human][raw]session_166.jsonl,0
18711.0,75473.0,2.458104,1.410294,[human][raw]session_167.jsonl,[human][raw]session_167.jsonl,0
20447.0,76942.0,2.696864,1.475688,[human][raw]session_168.jsonl,[human][raw]session_168.jsonl,0
16708.0,75444.0,2.499117,1.665921,[human][raw]session_169.jsonl,[human][raw]session_169.jsonl,0
23802.0,78964.0,2.495948,1.766102,[human][raw]session_170.jsonl,[human][raw]session_170.jsonl,0
11944.0,70373.0,2.383216,1.488173,[human][raw]session_171.jsonl,[human][raw]session_171.jsonl,0
19539.0,80007.0,2.161289,1.407143,[human][raw]session_172.jsonl,[human][raw]session_172.jsonl,0
18964.0,72209.0,2.378904,1.317325,[human][raw]session_173.jsonl,[human][raw]session_173.jsonl,0
16101.0,71553.0,2.283706,1.510419,[human][raw]session_174.jsonl,[human][raw]session_174.jsonl,0
17690.0,67131.0,2.56471,1.858317,[human][raw]session_175.jsonl,[human][raw]session_175.jsonl,0
16078.0,63025.0,2.812732,1.818002,[human][raw]session_176.jsonl,[human][raw]session_176.jsonl,0
11752.0,49536.0,2.499164,1.773357,[human][raw]session_177.jsonl,[human][raw]session_177.jsonl,0
12967.0,56505.0,2.41063,1.712504,[human][raw]session_178.jsonl,[human][raw]session_178.jsonl,0
27473.0,88076.0,2.508534,1.81049,[human][raw]session_179.jsonl,[human][raw]session_179.jsonl,0
27573.0,85772.0,2.485847,1.472599,[human][raw]session_180.jsonl,[human][raw]session_180.jsonl,0
16699.0,64037.0,2.468936,1.434164,[human][raw]session_181.jsonl,[human][raw]session_181.jsonl,0
18525.0,66988.0,2.540639,1.841549,[human][raw]session_182.jsonl,[human][raw]session_182.jsonl,0
29464.0,68472.0,2.347655,1.070711,[human][raw]session_183.jsonl,[human][raw]session_183.jsonl,0
19660.0,77467.0,2.460036,1.676838,[human][raw]session_184.jsonl,[human][raw]session_184.jsonl,0
20248.0,84636.0,2.350663,1.29396,[human][raw]session_185.jsonl,[human][raw]session_185.jsonl,0
23452.0,80730.0,2.491355,1.777904,[human][raw]session_186.jsonl,[human][raw]session_186.jsonl,0
19508.0,63890.0,2.423928,1.456298,[human][raw]session_187.jsonl,[human][raw]session_187.jsonl,0
17857.0,72545.0,2.348718,1.552293,[human][raw]session_188.jsonl,[human][raw]session_188.jsonl,0
19939.0,74227.0,2.536497,1.818672,[human][raw]session_189.jsonl,[human][raw]session_189.jsonl,0
16754.0,57975.0,2.435935,1.441969,[human][raw]session_190.jsonl,[human][raw]session_190.jsonl,0
24554.0,75189.0,2.524276,1.544292,[human][raw]session_191.jsonl,[human][raw]session_191.jsonl,0
